N,University ,City ,State,Country,Latitude,Longitdue,Dorm Level? ,Dashboard,News Article,Publication ,protocol,
1,University of Alaska Anchorage ,Anchorage,Alaska,USA,61.191,-149.8196,,,https://www.uaa.alaska.edu/news/archive/2020/09/covid-19-wastewater-testing-research.cshtml,,,
2,University of Alaska Fairbanks,Fairbanks,Alaska,USA,64.8558,-147.8335,,,https://www.uaa.alaska.edu/news/archive/2020/09/covid-19-wastewater-testing-research.cshtml,,,
3,University of Arizona,Tucson,Arizona,USA,32.231685,-110.949466,Yes,,https://www.washingtonpost.com/nation/2020/08/28/arizona-coronavirus-wastewater-testing/?hpid=hp_morning-mix-8-12-rr1_mm-poop%3Ahomepage%2Fstory-ans,"Charles Gerba and kyle bibby featured in this publication, along with Michigan State University: https://pubs.rsc.org/en/content/articlelanding/2020/ew/d0ew90031a#!divAbstract",,
4,Univesrity of Arkansas,Fayetteville ,Arkansas,USA,36.0687,-94.1748,,,https://news.uark.edu/articles/54272/researcher-to-study-whether-sewage-can-help-track-covid-19,,,
5,Loma Linda University ,Loma Linda ,California,USA,34.0494,-117.2641,,https://datastudio.google.com/u/0/reporting/430e67c8-acaf-4574-a2d4-48d0b665ab05/page/jMhOC ,https://news.llu.edu/academics/school-of-public-health-students-testing-wastewater-for-covid-19,,,
6,Stanford,Stanford,California,USA,37.427287,-122.169891,,https://soe-wbe-pilot.wl.r.appspot.com/charts#page=overview ,https://www.news-medical.net/news/20211114/SARS-CoV-2-RNA-is-enriched-in-the-solids-fraction-of-wastewater.aspx ,,,
7,UC Berkeley ,Berekely,California,USA,37.871882,-122.258797,,https://coronavirus.berkeley.edu/dashboard/wastewater/,https://engineering.berkeley.edu/news/2020/06/monitoring-covid-19-prevalence-in-municipal-wastewater/,https://www.medrxiv.org/content/10.1101/2020.09.13.20193805v1.full.pdf,,
8,UC Merced,Merced,California,USA,37.2661,-120.4224,,https://arcg.is/1aummW,https://news.ucmerced.edu/news/2021/campus-wastewater-testing-offers-covid-19-early-warning-system-establishes-protocols ,https://www.medrxiv.org/content/10.1101/2021.03.14.21253564v1,,
9,UC San Diego,San Diego,California,USA,32.879754,-117.234185,Yes,https://returntolearn.ucsd.edu/dashboard/index.html,https://ucsdnews.ucsd.edu/feature/uc-san-diego-bolsters-aggressive-return-to-learn-plan-to-prevent-outbreaks-on-campus,,,
10,UC Santa Barbara ,Santa Barbara,California,USA,34.414,-119.8489,,,https://www.miragenews.com/researchers-are-developing-methods-to-monitor-covid-19-virus-through-community-s-wastewater,,,
11,University of Southern California ,Los Angeles ,California,USA,34.0224,-118.2851,,,https://www.nbclosangeles.com/news/coronavirus/los-angeles-sewers-wastewater-sewage-covid-19-outbreak-coronavirus-usc/2407612/,,,
12,UC Davis ,Davis,California ,USA,38.538224,-121.761723,Yes,https://healthydavistogether.org/wastewater-testing/ ,https://www.abc10.com/article/news/health/coronavirus/uc-davis-rolls-out-proactive-measures-to-prevent-the-spread-of-coronavirus-on-campus/103-c9fe6d5d-5e57-46b9-8809-0f7bc97abd84,,,
13,UC Irvine,Irvine ,California ,USA,33.6405,-117.8443,,,https://www.telluridenews.com/news/article_80efe9bc-b82a-11eb-82ff-9b58ef90de00.html ,,,
14,Colorado Boulder,Boulder,Colorado ,USA,40.007331,-105.265994,Yes,,https://www.colorado.edu/today/2021/04/01/not-moment-waste-how-resource-beneath-our-campus-has-been-key-during-covid-19,,,
15,Colorado State University ,Fort Collins ,Colorado ,USA,40.5532,-105.0867,Yes,,https://engr.source.colostate.edu/csu-delivers-covid-wastewater-testing-data-to-state-health-officials-and-wastewater-partners/?utm_source=facebook&utm_medium=social&utm_campaign=vpr-f0129,,,
16,Metro State University ,Denver ,Colorado ,USA,39.7432,-105.0063,,,,,,
17,Yale University,New Haven,Connecticut ,USA,41.3083,-72.9279,,https://yalecovidwastewater.com/,https://seas.yale.edu/news-events/news/yales-wastewater-sampling-project-used-throughout-ct-predict-covid-19,https://www.nature.com/articles/s41587-020-0684-z,,
18,University of Connecticut,Storrs,Connecticut ,USA ,41.8077,-72.254,,https://covid-testing.uconn.edu/dashboard/,https://today.uconn.edu/2021/11/uconn-established-as-center-of-excellence-for-wastewater-based-covid-19-surveillance/# ,,,
19,Howard University ,Washington,District of Colombia,USA,38.9227,-77.0194,,,https://newsroom.howard.edu/newsroom/article/12606/howard-university-assistant-professor-collaborates-wastewater-testing,,,
20,University of Florida,Gainsville,Florida,USA ,29.6536,-82.3549,,,https://news.ufl.edu/2020/09/wastewater/#.X25jBwe6_EU.twitter,,,
21,University of Hawaii Manoa,Honolulu,Hawaii,USA,21.2969,-157.8171,,,https://www.hawaii.edu/news/2020/04/27/covid19-wastewater-surveillance/,,,
22,Northwestern University,Evanston ,Illinois,USA,42.055984,-87.675171,,,https://www.chicagotribune.com/news/environment/ct-coronavirus-tracking-sewage-20200530-4zpb3hn2prb5vj4ksz7i67bnha-story.html,,,
23,Notre Dame,South Bend,Indiana,USA,41.705363,-86.235081,Yes,,https://news.nd.edu/news/notre-dame-researchers-to-study-wastewater-focus-on-short-term-forecasts-in-response-to-pandemic/,Kyle Bibby featured in this publication: https://pubs.acs.org/doi/10.1021/acs.est.0c02388,https://www.protocols.io/view/wastewater-concentration-by-adsorption-and-direct-bhiuj4ew,
24,University of Kansas,Lawrence ,Kansas,USA,38.9543,-95.2558,,,https://www.kansascity.com/news/local/article244419427.html,,,
25,Univiersity of Kentucky ,Lexington,Kentucky,USA,38.0307,-84.504,,,https://www.wymt.com/2020/08/20/lexington-sewage-systems-to-be-tested-for-coronavirus/,,,
26,Louisiana State University,Baton Rouge,Louisiana,USA,30.4133,-91.18,,https://www.lsu.edu/roadmap/covid-dashboard/index.php ,https://www.lsu.edu/eng/news/2020/06/parduecovidtesting.php,,,
27,University of Maine,Orono,Maine,USA,44.8956,-68.6736,Yes,https://www.maine.edu/together/,https://www.mainepublic.org/post/maine-college-uncovers-covid-19-outbreak-through-wastewater-testing,,,
28,University of Maine,Fort Kent ,Maine,USA,47.2504,-68.5893,,,https://www.mainepublic.org/post/maine-college-uncovers-covid-19-outbreak-through-wastewater-testing?fbclid=IwAR0J8wtn37h-zU1ROQinfw48Uu8eqx3zw0VE0Bp8iJFTYLbqWFt_89EVMR4,,,
29,Saint Joseph's College of Maine,Standish,Maine,USA,43.8267,-70.4829,,,https://www.mainepublic.org/post/maine-college-uncovers-covid-19-outbreak-through-wastewater-testing?fbclid=IwAR0J8wtn37h-zU1ROQinfw48Uu8eqx3zw0VE0Bp8iJFTYLbqWFt_89EVMR4,,,
30,University of Maryland,College Park,Maryland,USA,38.9869,-76.9426,,,https://research.umd.edu/news/news_story.php?id=13081,,,
31,St. Mary's College of Maryland,St. Mary's City ,Maryland,USA,38.1909,-76.429,,,http://www.smchd.org/2020/05/st-marys-collaboration-to-study-covid-19-in-wastewater/,,,
32,Northeastern University ,Boston,Massachusetts,USA,42.3398,-71.0829,,,https://news.northeastern.edu/2020/09/15/are-there-covid-19-cases-in-your-community-the-answer-is-in-your-sewers/,,,
33,Michigan State University ,Lansing ,Michigan,USA,42.702558,-84.482204,,,https://www.wkar.org/post/testing-waters-msu-searches-covid-beneath-campus#stream/0,,,
34,Eastern Michigan University,Ypsilanti,Michigan,USA,42.2507,-83.6241,,,https://www.secondwavemedia.com/concentrate/innovationnews/emuwastewatercovid0616.aspx,,,
35,Saginaw Valley State University,Saginaw,Michigan,USA,43.5143,-83.9624,,,https://www.mlive.com/coronavirus/2020/09/wastewater-testing-for-coronavirus-outbreak-detection-to-get-10m-pilot.html,,,
36,University of Minnesota  ,Minneapolis ,Minnesota ,USA,44.974,-93.2277,,https://simmonslab.d.umn.edu/covid-19-surveillance/data ,https://www.mprnews.org/story/2020/09/23/u-researchers-testing-campus-sewage-for-covid19,,,
37,University of Minnesota Duluth,Duluth,Minnestoa ,USA,46.8188,-92.0843,Yes,,https://www.mprnews.org/story/2020/09/23/u-researchers-testing-campus-sewage-for-covid19,,,
38,University of Missouri,Colombia ,Missouri,USA,38.9404,-92.3277,,https://storymaps.arcgis.com/stories/f7f5492486114da6b5d6fdc07f81aacf,https://www.nytimes.com/2021/05/07/health/coronavirus-sewage.html ,,,
39,Montana State Univesrity ,Bozeman ,Montana,USA,45.6674,-111.0546,,,https://www.hcn.org/issues/52.10/north-covid19-what-sewage-can-tell-us-about-the-spread-of-covid-19,,,
40,University of Nebraska,Lincoln ,Nebraska,USA,40.8202,-96.7005,,,https://news.unl.edu/newsrooms/today/article/bartelt-hunt-searching-sewage-for-covid-19/,,,
41,University of Nevada Reno,Reno,Nevada,USA,39.5443,-119.8162,,,https://www.unr.edu/nevada-today/news/2020/sars-cov-2-wastewater-survey,,,
42,Darmouth-Hitchcock Medical Center,Lebanon ,New Hampshire ,USA,43.6755,-72.273,,,https://www.unionleader.com/news/health/coronavirus/dartmouth-hitchcock-researchers-to-monitor-nh-wastewater-for-covid-19-outbreaks/article_67d96102-7e21-5e9f-a2fe-afcc99e1ea9a.html,,,
43,NJIT ,Newark,New Jersey,USA,40.742832,-74.177045,Yes,,https://www.njit.edu/pandemicrecovery/wastewater-testing-update,,,
44,New Mexico State University,Las Cruces,New Mexico,USA,32.2788,-106.7479,Yes,,https://engr.nmsu.edu/wastewater/,,,
45,Syracuse University,Syracuse,New York,USA,43.039106,-76.135502,Yes,,https://www.syracuse.com/coronavirus/2020/06/su-esf-will-test-sewage-dorm-by-dorm-to-track-coronavirus-spread.html,,,
46,Colombia University,New York ,New York,USA,40.8075,-73.9626,Yes,,https://barnard.edu/news/testing-waters,,,
47,University of North Carolina Wilmington,Wilmington,North Carolia,USA,34.2239,-77.8696,,,https://uncw.edu/news/2020/08/uncw-research-could-help-health-officials-identify-possible-coronavirus-outbreaks.html,,,
48,University of North Carolina Chapel Hill,Chapel Hill ,North Carolina,USA,35.9049,-79.0469,,,https://thewell.unc.edu/2021/04/15/tracking-a-virus-villain-draft/,,,
49,North Carolina State University ,Raleigh ,North Carolina,USA,35.7847,-78.6821,,,https://www.newsobserver.com/news/coronavirus/article243737607.html,,,
50,University of North Carolina Charlotte,,North Carolina,USA,35.3036,-80.7324,Yes,,https://www.wcnc.com/article/news/health/coronavirus/unc-charlotte-to-test-wastewater-for-covid-19/275-b216826d-73c8-4c93-94ad-c5d465308708,,,
51,North Dakota State University,Fargo,North Dakota,USA,46.8978,-96.8024,Yes,,https://www.valleynewslive.com/2020/09/26/ndsu-testing-residence-hall-waste-water-for-covid-19/,,,
52,The Ohio State University,Columbus,Ohio,USA,40.0067,-83.0305,,,https://news.osu.edu/looking-for-a-covid-19-early-warning/,,,
53,University of Oklahoma ,Norman,Oklahoma,USA,35.2059,-97.4457,,,https://kfor.com/news/ou-researchers-study-student-housing-wastewater-for-covid-19-trends/,,,
54,University of Guelph,Guelph,Ontario,Canada ,43.5327,-80.2262,,https://news.uoguelph.ca/2019-novel-coronavirus-information/u-of-g-covid-19-wastewater-report/ ,https://news.uoguelph.ca/2020/09/u-of-g-researcher-measuring-covid-19-levels-in-local-wastewater/,,,
55,Oregon State University,Corvallis,Oregon,USA,44.5638,-123.2794,,https://trace.oregonstate.edu/testing-results ,https://today.oregonstate.edu/news/trace-osu-support-health-and-safety-person-wastewater-sars-cov-2-testing,,,
56,Penn State University,State College,Pennsylvania ,USA,40.7982,-77.8599,,,https://www.collegian.psu.edu/news/campus/penn-state-wastewater-testing-shows-potential-for-future-coronavirus-monitoring/article_d64aca06-972a-11eb-8714-73afac460e36.html,,,
57,Clemson University ,Clemson ,South Carolina ,USA,34.6834,-82.8374,,https://www.clemsoncity.org/Activityfeed/Myarticles/TabId/197/ArtMID/2433/ArticleID/3980/Clemson-University-SARS-CoV-2-in-Wastewater-Monitoring-Record-Updates-as-of-September-2nd.aspx,https://newsstand.clemson.edu/mediarelations/wastewater-testing-provides-an-early-warning-of-community-coronavirus-levels-researcher-says/,,,
58,University of South Carolina,Columbia ,South Carolina ,USA,33.9938,-81.0299,,,https://www.abccolumbia.com/2020/09/03/uofsc-studying-wastewater-samples-in-effort-to-limit-covid-19-outbreaks-across-campus/,,,
59,University of Tennessee,Knoxville,Tennessee,USA,35.9544,-83.9295,Yes,,https://www.wate.com/news/university-of-tennessee-covid-19-wastewater-saliva-sampling-testing-underway/,,,
60,University of Texas,Austin,Texas,USA,30.2849,-97.7341,,,https://www.kxan.com/news/local/austin/your-poop-is-helping-predict-covid-19-outbreaks-in-austin/,,,
61,Rice University,Houston,Texas,USA,29.7174,-95.4018,,https://covidwwtp.spatialstudieslab.org/ ,https://www.bcm.edu/news/detecting-sars-cov2-using-houstons-wastewater,,,
62,Baylor College of Medicine ,Houston,Texas ,USA,29.7105,-95.3965,,,https://www.bcm.edu/news/detecting-sars-cov2-using-houstons-wastewater,,,
63,Brigham Young University ,Provo,Utah,USA,40.2518,-111.6493,,,https://universe.byu.edu/2020/09/07/byu-implementing-covid-wastewater-testing/,,,
64,Utah State University,Logan,Utah,USA,41.745169,-111.809737,Yes,https://deq.utah.gov/water-quality/sars-cov-2-sewage-monitoring,https://www.fox13now.com/news/local-news/students-quarantined-at-utah-state-university-after-covid-19-found-in-dorm-wastewater,,,
65,University of Vermont,Burlington,Vermont,USA,44.4779,-73.1965,,,https://www.uvm.edu/uvmnews/news/student-research-takes-aim-brighter-greener-future,,,
66,University of Virginia ,Charlottesville,Virginia ,USA,38.033519,-78.508009,Yes,,https://engineering.virginia.edu/news/2020/10/inside-science-testing-wastewater-uva-evidence-covid-19,,,
67,Virginia Tech,Blacksburg,Virginia ,USA,37.2284,-80.4234,,,https://vtnews.vt.edu/articles/2020/09/researchers-expand-wastewater-testing.html,,,
68,Bangor University,Bangor,Wales,UK,53.2295,-4.13,,,https://www.preventionweb.net/news/view/72217,,,
69,University of Washington,Seattle,Washington,USA,47.710461,-122.316655,,,https://www.seattletimes.com/seattle-news/health/how-our-sewage-could-warn-us-of-future-outbreaks-of-covid-19/,,,
70,University of Wisconsin,Madison,Wisconsin,USA,43.0766,-89.4125,,,https://www.dailycardinal.com/article/2020/09/5f62c88bdc8bd,,,
71,University of Louisville ,Louisville,Kentucky,USA,38.2123,-85.7585,,https://louisville.edu/envirome/thecoimmunityproject/dashboard ,https://www.lanereport.com/140457/2021/04/uofl-receives-8-6-million-for-covid-19-wastewater-research/,https://www.medrxiv.org/content/10.1101/2020.08.23.20180224v1,,
72,Tulane University,New Orleans,Louisianna,USA,29.9407,-90.1203,,,https://www.fox8live.com/2020/07/28/new-tulane-study-detects-coronavirus-wastewater/?outputType=amp,https://www.sciencedirect.com/science/article/abs/pii/S0048969720341437 ,,
73,Hope College,Holland,Michigan,USA,42.7872244,-86.105033,Yes,,https://hope.edu/coronavirus/health-safety/wastewater-testing.html ,,,
74,University of Massachusetts Amherst ,Amherst,MA,USA ,42.3732,-72.5199,,,,,,
75,Instituto Superior Tecnico,Lisbon,Lisbon,Portugal,38.736849,-9.139034,,,https://www.theportugalnews.com/news/2021-06-02/detection-of-covid-in-sewage-treatment-plants-will-be-the-rule-throughout-portugal/60176,,,
76,Ryerson University,Toronto,Ontario,Canada,43.6532,-79.3832,,,https://innovation.ryerson.ca/urban-health-wellbeing/how-sewage-science-can-be-used-to-fight-covid-19-and-future-pandemics?platform=hootsuite,,,
77,University of Texas at San Antonio,San Antonio,Texas,USA,29.5827,-98.6189,,https://engineering.utsa.edu/vkapoor/research/wastewater-covid/,https://www.growhealthyfund.com/event,,,
78,University of Ottawa,Ottawa,Ontario,Canada,45.462,-75.5903,,https://613covid.ca/wastewater/#,https://www.cbc.ca/news/politics/canadian-universities-testing-long-term-care-homes-wastewater-1.5818701?__vfz=medium%3Dsharebar,,,
79,Rochester Institute of Technology ,Rochester,New York,USA,43.084503,-77.67491,,,https://www.rit.edu/news/rit-retools-its-wastewater-testing-approach-spring-semester?utm_source=twitter&utm_medium=social&utm_campaign=coronavirus%2Cmc-ritready&utm_term=coronavirus_waste_water_testing&utm_content=wastewater_testing_updates,,,
80,University of Windsor - Great Lakes Institute for Environmental Research,Windsor,Ontario,Canada,42.305542,-83.065541,No,,https://www.cbc.ca/news/canada/windsor/great-lakes-institute-windsor-coronavirus-wastewater-poop-1.5710240,,,
81,Universidad Nacional Autónoma de México (National Autonomous University of Mexico),Mexico City,Mexico City,Mexico,19.322798,-99.186588,,,https://www.dgcs.unam.mx/boletin/bdboletin/2020_635.html,,,
82,Universidad EIA (EIA University),Envigado,Antioquia (Department not state),Colombia,6.156967,-75.516882,,,https://www.rcnradio.com/colombia/antioquia/detectan-covid-19-en-aguas-residuales-de-antioquia,,,
83,Universidad Nacional de Colombia - Medellín  (National University of Colombia - Medellín),Envigado,Antioquia (Department not state),Colombia,6.261348,-75.577039,,,https://www.rcnradio.com/colombia/antioquia/detectan-covid-19-en-aguas-residuales-de-antioquia,,,
84,Universidad de Concepción (University of Concepción),Concepción,Biobío (Region not state),Chile,-36.82958,-73.034547,,,https://www.radioudec.cl/2020/07/14/centro-de-biotecnologia-udec-detecto-coronavirus-en-aguas-servidas-de-chillan/,,,
85,Universidad de Chile (University of Chile),Santiago,Santiago Metropolitan Region (Region not state),Chile,-33.444547,-70.650987,,,http://www.usach.cl/news/dr-ricardo-salazar-material-genetico-covid-aguas-residuales-no-existe-estudio-afirme-sea,https://www.medrxiv.org/content/10.1101/2020.07.02.20145177v1,,
86,Universidade Federal de Santa Catarina (Federal University of Santa Catarina),Florianópolis,Florianópolis,Brazil,-27.600673,-48.519378,,,https://www.bbc.com/mundo/noticias-53358407,https://www.medrxiv.org/content/10.1101/2020.06.26.20140731v1.full.pdf+html,,
87,"Universidad de las Américas, Ecuador (University of the Americas , Ecuador)",Quito,Ecuador,Ecuador,-0.168078,-78.472857,,,https://www.prensalibre.com/internacional/estudio-encuentra-huellas-del-sars-cov-2-en-rios-de-la-capital-de-ecuador/,https://www.sciencedirect.com/science/article/pii/S0048969720343564,,
88,Universidad Tecnológica Equinoccial (Equator Technological University),Quito,Ecuador,Ecuador,-0.184136,-78.493171,,,https://www.efe.com/efe/america/sociedad/analizan-las-aguas-residuales-en-quito-para-estimar-el-numero-de-casos-covid-19/20000013-4253431,,,
89,University of New Hampshire,Durham,New Hampshire,USA,43.1339741,-70.9264477,,,https://tnhdigital.com/2021/04/08/unh-conducts-wastewater-testing-system-to-track-covid-19-virus/,,,
90,University of Innsbruck,Innsbruck,Tyrol,Austria,47.2692,11.4041,,,https://www.coron-a.at/,,,
91,Lehigh University,Bethlehem,Pennsylvania,USA,40.604812,-75.377572,Yes,,https://thebrownandwhite.com/2020/10/11/lehigh-and-bethlehem-test-wastewater-for-covid/,,,
92,Susquehanna University,Selinsgrove,Pennsylvania,USA,40.796086,-76.877211,Stopped sampling in Spring 2021,,https://www.susqu.edu/coronavirus-update/feb-4-update,,,
93,Technical University of Vienna (TU Wien),,Vienna,Austria,48.19889,16.37,,,https://www.coron-a.at/,,,
94,Medical University of Innsbruck ,Innsbruck,,Austria ,47.26278,11.38389,,,https://www.coron-a.at/,,,
95,Northern Illinois University,DeKalb,Illinois,USA,41.934205,-88.774064,Yes,,https://www.northernpublicradio.org/post/next-step-nius-covid-19-surveillance-testing-lies-wastewater,,,
96,St. John Fisher College,Rochester,New York,USA,43.115581,-77.51183,,,https://www.sjfc.edu/news-and-events/news-archive/summer-2020/wastewater-saliva-surveillance-boost-detection/,,,
97,Dalhousie University,Halifax,Nova Scotia (Province) ,Canada,44.636482,-63.591634,,,https://www.dal.ca/news/2020/10/22/dalhousie-researchers-help-develop-a-wastewater-test-that-could-.html,,,
98,Carleton University,Ottawa,Ontario (province),Canada,45.387528,-75.696074,,,https://newsroom.carleton.ca/story/research-wastewater-covid-19/,,,
99,University of Calgary,Calgary,Alberta,Canada,51.066418,-114.135059,,,https://ucalgary.ca/news/calgarians-can-now-track-traces-covid-19-their-wastewater,,,
100,University of Alberta,Edmonton,Alberta,Canada,53.529208,-113.526748,,,https://cwn-rce.ca/covid-19-wastewater-coalition/phase-1-inter-laboratory-study/,,,
101,Queens University,Kingston,Ontario,Canada,44.226345,-76.496292,,,https://cwn-rce.ca/covid-19-wastewater-coalition/phase-1-inter-laboratory-study/,,,
102,Ontario Technical University,Oshawa,Ontario,Canada,43.945438,-78.896151,,,https://cwn-rce.ca/covid-19-wastewater-coalition/phase-1-inter-laboratory-study/,,,
103,University of Waterloo,Waterloo,Ontario,Canada,43.472261,-80.544864,,,http://uwimprint.ca/article/uw-professor-awarded-over-1-million-to-test-wastewater-for-covid-19/,,,
104,McMaster University,Hamilton,Ontario,Canada,43.260864,-79.919248,,,https://cwn-rce.ca/covid-19-wastewater-coalition/phase-1-inter-laboratory-study/,,,
105,The University of Victoria,Victoria,British Columbia (Province),Canada,48.463079,-123.311822,,,https://www.uvic.ca/engineering/home/news/current/2020jul-watching-wastewater-for-covid-19.php,,,
106,University of Saskatchewan,Saskatoon,Saskatchewan (Province),Canada,52.133176,-106.631294,,,https://thestarphoenix.com/news/local-news/u-of-s-researchers-could-hunt-for-covid-19-in-saskatoons-sewage,,,
107,Siena College,Loudonville,New York,USA,42.716619,-73.752337,Yes,,https://www.news10.com/news/local-news/local-college-uses-wastewater-testing-to-fight-against-covid-19/,,,
108,Rollins College,Winter Park,Florida,USA,28.592758,-81.350866,,,https://www.orlandosentinel.com/coronavirus/os-ne-coronavirus-rollins-sewage-testing-20201023-f7d23pkpzrcy7gnfeb73xvb7le-story.html ,,,
109,Kenyon College,Gambier,Ohio,USA,40.37186,-82.398329,,http://biology.kenyon.edu/slonc/covid/Gambier_Wastewater_Report.html,https://mountvernonnews.com/stories/553428643-wastewater-testing-could-detect-superspreader-event,,,
110,Carroll College,Helena,Montana,USA,46.600811,-112.039096,,https://www.lccountymt.gov/health/covid-19/local-covid-19-decision-making-dashboard.html,https://www.carroll.edu/article/carroll-partners-lewis-clark-county-covid-19-wastewater-surveillance,,,
111,University of Bath,Bath,England,UK ,51.378410,-2.326082,,,https://www.bath.ac.uk/announcements/bath-academics-to-help-track-coronavirus-in-schools-by-monitoring-wastewater/,,,
112,Central Michigan University,Mount Pleasant,Michigan,USA,43.581784,-84.775593,,,https://www.cmich.edu/news/article/Pages/COVID-wastewater-testing.aspx,,,
113,Arizona State University ,Tempe,Arizona,USA,33.4242,-111.9281,,https://covid19.tempe.gov/ ,https://asunow.asu.edu/20200423-discoveries-novel-coronavirus-detected-monitored-wastewater,https://www.sciencedirect.com/science/article/pii/S0048969720323925,,
114,Universidad Nacional de Quilmes ,Bernal,Buenos Aires,Argentina ,-34.706223,-58.278598,,,www.unq.edu.ar,https://www.medrxiv.org/content/10.1101/2020.10.21.20215434v1.full.pdf,,
115,St. Lawrence University,Canton,New York,USA,44.589191,-75.160876,Yes,,https://www.stlawu.edu/always-forward/testing,,,
116,University of Wisconsin-Milwaukee,Milwaukee,Wisconsin,USA,43.078279,-87.881969,Yes,,https://uwm.edu/news/the-sewage-sleuth/,,,
117,Katholieke Universiteit Leuven,Leuven,Flemish Region,Belgium,50.877894,4.700285,,,https://www.brusselstimes.com/news/belgium-all-news/124392/leuven-will-track-coronavirus-in-the-sewers/,,,
118,Clarkson University - Potsdam Hill Campus,Potsdam,New York,USA,44.663670,-74.997706,Yes,,https://csengineermag.com/detecting-covid-19-on-campus-can-wastewater-provide-early-warning-signs/,,,
119,Ringling College of Art and Design,Sarasota,Florida,USA,27.360354,-82.548477,Yes,,https://www.vhb.com/news/ringling-college/,,,
120,University of Wyoming ,Laramie,Wyoming,USA,41.314855,-105.566478,,,http://www.uwyo.edu/uw/news/2020/10/uw-researchers-to-test-wyoming-wastewater-for-covid-19.html,,,
121,Middlesex University ,London,England,UK,51.590094,-0.228922,,,https://www.mdx.ac.uk/news/2020/10/research-coronavirus-wastewater-schools,,,
122,University College London,London,England,UK,51.524544,-0.134062,,,https://www.ceh.ac.uk/news-and-media/news/wastewater-analysis-will-track-spread-coronavirus-schools?utm_source=UKCEH+newsletter&utm_campaign=b81b2f19d2-EMAIL_CAMPAIGN_UKCEH_OCT2020&utm_medium=email&utm_term=0_f8768e24ab-b81b2f19d2-520037481,,,
123,Imperial College London,London,England,UK,51.498816,-0.174873,,,https://www.ceh.ac.uk/news-and-media/news/wastewater-analysis-will-track-spread-coronavirus-schools?utm_source=UKCEH+newsletter&utm_campaign=b81b2f19d2-EMAIL_CAMPAIGN_UKCEH_OCT2020&utm_medium=email&utm_term=0_f8768e24ab-b81b2f19d2-520037481,,,
124,Cranfield University,Cranfield,England,UK,52.074561,-0.628584,,,https://www.ceh.ac.uk/news-and-media/news/wastewater-analysis-will-track-spread-coronavirus-schools?utm_source=UKCEH+newsletter&utm_campaign=b81b2f19d2-EMAIL_CAMPAIGN_UKCEH_OCT2020&utm_medium=email&utm_term=0_f8768e24ab-b81b2f19d2-520037481,,,
125,Newcastle university,Newcastle upon Tyne,England,UK,54.981059,-1.615611,,,https://www.ncl.ac.uk/press/articles/latest/2020/10/wastewatercovidtesting/,,,
126,Ben Gurion University of the Negev,Beersheba,,Israel,31.262108,34.801525,,,https://www.waterworld.com/wastewater/press-release/14186518/university-researchers-to-monitor-israels-sewage-for-covid19-outbreaks,,,
127,The university of Edinburgh,Edinburgh,Scotland,UK,55.865666,-3.198858,,,https://www.ed.ac.uk/roslin/news-events/latest-news/testing-system-to-trace-covid-19-via-wastewater,,,
128,Technion - Israel Institute of Technology,Haifa,,Israel,32.776436,35.022634,Yes,,https://www.timesofisrael.com/israel-takes-crack-at-sniffing-out-covid-outbreaks-in-peoples-poop/,,,
129,Kahramanmaras Sutcu Imam University,Kahramanmaras,Onikisubat,Turkey,37.587192,36.820182,,,https://csaum.ksu.edu.tr/Default.aspx?SId=126 ,,,
130,Colgate University ,Hamilton,New York,United States,42.8255,-75.5417,,,https://www.colgate.edu/news/stories/wastewater-testing-explained-0,,,
131,Universidade Federal do Rio Grande do Sul,Porto Alegre,Rio Grande do Sul,Brazil,-30.0332,-51.2207,,https://app.powerbi.com/view?r=eyJrIjoiMzNhZjNiNjUtZjQxZS00ZDA0LWFhZTctNjNlNjg0Mjg5Y2FiIiwidCI6IjE1ZGNkOTA5LThkYzAtNDBlOS1hMWU1LWNlY2IwNTNjZGQxYSJ9&pageName=ReportSection,https://coronavirus.rs.gov.br/monitoramento-ambiental,,,
132,The University of Tokyo,Tokyo,,Japan,35.713143,139.762081,,,https://doi.org/10.1016/j.scitotenv.2020.143067 ,,,
133,Yale University,New Haven,Connecticut,USA,41.31708,-72.923109,,https://yalecovidwastewater.com/reports,https://seas.yale.edu/news-events/news/yales-wastewater-sampling-project-used-throughout-ct-predict-covid-19,https://www.nature.com/articles/s41587-020-0684-z ,,
134,University of Southern Maine,Portland,Maine,USA,43.661746,-70.275784,,,https://www.newscentermaine.com/article/news/health/coronavirus/university-of-southern-maine-finds-detectable-levels-of-covid-19-in-wastewater/97-0905c679-8512-403a-b28f-b7eb89998688,,,
135,Grand Valley State University - AWRI,Allendale,Michigan,USA,42.963902,-85.889191,,,https://www.gvsu.edu/gvnext/2020/grand-valley-partnership-testing-to-provide-public-health-experts-with-data-about-potential-covid-19-hotspots.htm,,,
136,University of Northern Arizona,Flagstaff,Arizona,USA,35.179809,-111.653818,,,https://azdailysun.com/news/local/testing-the-flow-researchers-drop-tampons-down-sewers-to-test-for-covid-on-campus/article_daa0790f-4eb2-5086-9d07-6f48ab783ec8.html?utm_campaign=snd-autopilot&utm_medium=social&utm_source=twitter_azds,,,
137,The University of Sheffield,Sheffield,England,UK,53.381222,-1.488101,,,https://www.dewsburyreporter.co.uk/business/consumer/sewage-across-dewsbury-tested-pick-new-covid-19-outbreaks-3018255,,,
138,The University of New Mexico,Albuquerque,New Mexico,USA,35.083968,-106.619288,,,https://www.kob.com/albuquerque-news/new-mexico-universities-use-wastewater-samples-to-detect-covid-19-early/5921168/#.X6wgKdj489A.twitter,,,
139,Norwich University,Northfield,Vermont,USA,44.138205,-72.661682,,,https://www.norwich.edu/news/223-press-releases/2806-norwich-university-studies-wastewater-to-detect-covid-19,,,
140,The Australian National University,Canberra,,Australia,-35.27798,149.118506,,,https://www.anu.edu.au/news/all-news/tracking-covid-19-transmission-through-our-sewage,,,
141,Feevale University,Novo Hamburgo,Rio Grande do Sul,Brazil,-29.662867,-51.11821,,,https://coronavirus.rs.gov.br/instituicoes-participantes,,,
142,University of Idaho,Moscow,Idaho,USA,46.728709,-117.012523,,,https://dnews.com/coronavirus/ui-analyzes-wastewater-in-an-effort-to-detect-covid-19-on-campus/article_252a3f39-ebf7-5800-afe5-59d35f95cc4f.html,,,
143,Birmingham-Southern College,Birmingham,Alabama,USA,33.515047,-86.85101,Yes,,http://blog.bsc.edu/index.php/2020/11/09/sewage-testing-on-campus/,,,
144,Mount St. Mary's University,Emmitsburg,Maryland,USA,39.680008,-77.348676,Yes,,https://news.msmary.edu/2020/11/wastewater-testing-helps-to-combat-covid-19-at-the-mountnews-article.html,,,
145,University of Illinois at Chicago - School of Public Health,Chicago,Illinois,USA,41.871173,-87.650459,,,https://www.chicagotribune.com/news/environment/ct-covid-sewage-monitoring-20201117-rgi5wgme75h5lb2qxdi6rnr6lq-story.html,,,
146,Texas A&M University,College Station,Texas,USA,30.617906,-96.336155,,,https://www.kagstv.com/article/news/health/coronavirus/smelly-solution-texas-am-using-sewage-to-trace-covid-19-on-campus/499-f3c14911-b528-420b-9a64-2207aeee7e6e,,,
147,University of Wisconsin - Oshkosh,Oshkosh,Wisconsin,USA,44.025376,-88.550708,,,https://fox11online.com/news/local/uwo-testing-wastewater-in-hopes-of-flushing-out-covid-on-campus,,,
148,Massachusetts Institute of Technology,Cambridge,Massachusetts,USA,42.359711,-71.094825,,,https://news.mit.edu/2020/testing-wastewater-covid-19-1002,,,
149,Albion College,Albion,Michigan,USA,42.244165,-84.744995,Yes,,https://wwmt.com/news/local/albion-college-testing-wastewater-for-covid-19,,,
150,Emory University,Atlanta,Georgia ,USA,33.796923,-84.322304,Yes,,https://emorywheel.com/emory-covid-19-weekly-update-sept-26-wastewater-tests-positive-contact-tracing-protocols/,,,
151,Missouri State University,Springfield,Missouri,USA,37.200435,-93.280745,Yes,,http://www.the-standard.org/news/high-levels-covid-19-traced-in-scholars-house-wastewater/article_59d99320-29d0-11eb-a9c8-f788e7f64905.html,,,
152,Keene State College,Keene,New Hampshire,USA,42.927396,-72.278768,,https://www.keene.edu/featured/fall2020/covid-19-dashboard/,https://www.sentinelsource.com/news/local/evidence-of-virus-variants-could-come-from-keenes-sewage/article_3f3b5da3-b17a-570b-9717-17a72457b254.html ,,,
153,Northern Michigan University,Marquette,Michigan,USA,46.559633,-87.408336,,,https://www.miningjournal.net/news/front-page-news/2020/10/nmu-lab-monitoring-wastewater-for-covid/,,,
154,University of Michigan,Ann Arbor,Michigan,USA,42.277726,-83.738052,,https://umich-wbe.shinyapps.io/sars-cov-2_dash/ ,https://sph.umich.edu/news/2020posts/researchers-look-for-coronavirus-in-campus-environment.html,,,
155,Franklin & Marshall College,Lancaster,Pennsylvania,USA,40.049994,-76.318506,,,https://lancasteronline.com/news/local/more-than-90-f-m-students-forced-to-quarantine-on-campus-after-positive-wastewater-test/article_8c75120e-f9f7-11ea-9860-cf5690d084db.html,,,
156,Stony Brook University,Stony Brook,New York,USA,40.911906,-73.122413,,,https://www.newsday.com/news/health/coronavirus/wastewater-systems-research-covid-19-1.50031360,,,
157,SUNY Canton,Canton,New York,USA,44.603054,-75.182728,Yes,,https://www.northcountrynow.com/news/suny-canton-has-detected-positive-traces-covid-19-wastewater-samples-residence-halls-0289554,,,
158,SUNY University at Albany,Albany,New York,USA,42.685007,-73.825184,,,https://www.albany.edu/covid-19/health-safety,,,
159,University of Hartford,West Hartford,Connecticut,USA,41.798366,-72.713943,,,https://www.nbcconnecticut.com/news/coronavirus/university-of-hartford-implements-new-sewer-testing-to-trace-covid-19/2338618/,,,
160,Acueducto de Bogota,Bogota,,Colombia,4.60971,-74.08175,,,www.acueducto.com.co,,,
161,Williams College,Weston,Florida,USA,26.0417,-80.4215,,,,,,
162,ICRA (Catalan Institute for Water Research),Girona,Catalonia,Spain,41.9672,2.84059,,https://sarsaigua.icra.cat/,,https://zenodo.org/record/4147073,,
163,University of Denver,Denver,CO,USA,39.676783,-104.962454,,https://www.du.edu/coronavirus/dashboard,https://denverite.com/2020/12/28/need-to-test-student-sewage-the-university-of-denver-has-an-expert-for-that/?utm_source=dlvr.it&utm_medium=twitter,,,
164,University of Mississippi,Oxford,Mississippi,USA,34.364682,-89.538403,,,,,,
165,Redeemer University,Hamilton,Ontario,Canada,43.20861,-79.948684,Yes,,https://www.redeemer.ca/resound/redeemer-partners-with-mcmaster-on-covid-19-wastewater-testing/,,,
166,"University of Nevada, Las Vegas",Las Vegas,Nevada,USA,36.108381,-115.143192,,,https://www.unlv.edu/news/release/testing-wastewater-covid-19,,,
167,"Queens College, City University of New York",Queens,New York,USA,40.736318,-73.820368,,,https://www1.cuny.edu/mu/forum/2020/08/20/cuny-researchers-press-on-in-search-of-scientific-advances-that-could-help-in-the-battle-against-covid-19/,,,
168,University of Regina ,Regina,Saskatchewan,Canada,50.415454,-104.587787,,,https://regina.ctvnews.ca/u-of-r-researchers-analyzing-covid-19-levels-in-regina-s-wastewater-1.5218229,,,
169,University of Minnesota Rochester,Rochester,Minnesota,USA,44.022377,-92.463024,,,https://r.umn.edu/node/3156,,,
170,Acadia University,Wolfville,Nova Scotia,Canada,45.088422,-64.365894,,,https://www.cbc.ca/news/canada/nova-scotia/experimental-research-detects-covid-19-wolfville-wastewater-1.5820097?cmp=rss,,,
171,Centro de Investigación en Alimentación y Desarrollo (CIAD) Unidad Regional Hidalgo,Hidalgo,,Mexico,20.1131,-98.829,,,https://www.eluniversal.com.mx/estados/conacyt-y-cidea-investigan-presencia-de-covid-en-aguas-residuales-de-hidalgo,https://link.springer.com/article/10.1007/s00267-021-01516-4,,
172,University of Cyprus,Nicosia,,Cyprus,35.095,33.203,,,http://www.parikiaki.com/2020/12/increase-in-genetic-material-of-coronavirus-recorded-in-wastewater-in-cyprus-analysis-shows/ ,https://www.sciencedirect.com/science/article/pii/S2213343720306552,,
173,Florida Atlantic University,Boca Raton,Florida,USA ,26.375247,-80.100806,,,https://www.wptv.com/coronavirus/florida-atlantic-university-researchers-testing-wastewater-for-signs-of-covid-19,,,
174,West Virginia University,Morgantown,West Virginia,USA ,39.647738,-79.969951,,,https://wvutoday.wvu.edu/stories/2020/12/08/it-s-in-the-water-wvu-scientists-turning-no-2-into-a-no-1-predictor-of-covid-19-infections,,,
175,Alma College,Alma,Michigan,USA ,43.380835,-84.672847,,,https://www.alma.edu/live/news/2588-college-hopes-to-flush-out-covid-19-cases-on,,,
176,Oakland University,Rochester,Michigan,USA ,42.671861,-83.215845,Yes,,https://www.oakland.edu/oumagazine/news/research/oakland-university-teams-with-aquasight-to-pilot-a-sewage-surveillance-program?utm_campaign=Social&utm_content=1606926667&utm_medium=social&utm_source=Socialu/oumagazine/news/research/oakland-university-teams-with-aquasight-to-pilot-a-sewage-surveillance-program,,,
177,Nanyang Technological University,,Jurong West,Singapore,1.3483,103.6831,Yes,,https://www.ntu.edu.sg/research/research-hub/news/detail/monitoring-viruses-in-wastewater-for-early-detection-of-covid-19-outbreaks?fbclid=IwAR1126PYNjOUuV9ZwusNJVnJhd0b-E57i_Nv_jjQqtdNGNP_s34mXQ4EX38,,,
178,Wayne State University,Detroit,Michigan,USA,42.35909,-83.066638,Yes,https://egle.maps.arcgis.com/apps/webappviewer/index.html?id=8e3cb66aca204876a1db0e1b663af805,https://engineering.wayne.edu/news.php?id=41162&utm_source=link&utm_medium=email-5fd3c0472891e&utm_campaign=Friday%2C+December+11%2C+2020+-+Today%40Wayne+-+Wayne+State+Universit&utm_content=Wayne+State+joins+%2410+million+COVID-19+wastewater+surveillance+#.X9PLw-a6sgQ.twitter,,,
179,Kent State University,Kent,Ohio,USA,41.145446,-81.339176,,,https://www.kent.edu/coronavirus/news/kent-state-shares-spring-semester-testing-plan,,,
180,Michigan Technological University,Houghton,Michigan,USA,47.114986,-88.54531,,https://egle.maps.arcgis.com/apps/webappviewer/index.html?id=8e3cb66aca204876a1db0e1b663af805,https://www.mtu.edu/news/stories/2020/may/tracking-and-treating-covid19-in-human-waste.html ,,,
181,Lake Superior State University,Sault Sainte Marie,Michigan,USA,46.491689,-84.363974,,https://egle.maps.arcgis.com/apps/webappviewer/index.html?id=8e3cb66aca204876a1db0e1b663af805,https://www.mlive.com/coronavirus/2020/12/covid-19-wastewater-testing-yields-reliable-results-in-michigan-state-officials-say.html?utm_campaign=jacksoncitpat_sf&utm_medium=social&utm_source=twitter,,,
182,Ferris State University,Big Rapids,Michigan,USA,43.683605,-85.48409,,https://egle.maps.arcgis.com/apps/webappviewer/index.html?id=8e3cb66aca204876a1db0e1b663af805,https://www.ferris.edu/HTMLS/news/coronavirus/message-to-students-dec16-2020.htm,,,
183,UNC Institute of Marine Sciences,Morehead City,North Carolina,USA,34.723372,-76.752218,,,https://carolinapublicpress.org/40810/looking-for-covid-19-in-college-sewage/,https://www.northcarolina.edu/apps/bog/doc.php?id=64729&code=bog,,
184,Ohio University,Athens,Ohio,USA,39.324267,-82.101421,,,https://www.ohio.edu/news/2021/02/ohio-professors-help-monitor-covid-19-campus-wastewater-surveillance,,,
185,SUNY Oneonta,Oneonta,New York,USA,42.471341,-75.062526,,,https://www.news10.com/news/ny-news/suny-oneonta-testing-sewage-for-the-coronavirus/,,,
186,SUNY Oswego,Oswego,New York,USA,43.451206,-76.542722,,,http://www.oswegocountynewsnow.com/news/wastewater-data-helping-local-experts-identify-covid-19-hot-spots-early/article_be8c261e-f863-11ea-85f4-1bc958e3f70c.html,,,
187,SUNY College of Environmental Science and Forestry,Syracuse,New York,USA,43.034592,-76.136634,,,https://www.esf.edu/communications/view2.asp?newsID=8768,,,
188,The University of Hong Kong,Pok Fu Lam,Hong Kong ,China,22.283257,114.137219,,,https://www.dimsumdaily.hk/government-teams-up-with-university-of-hong-kong-on-sewage-surveillance-for-covid-19-virus-clues/,,,
189,Murray State University,Murray,Kentucky,USA,36.616272,-88.321659,,,https://www.wpsdlocal6.com/news/kentucky-groups-use-wastewater-testing-in-mayfield-to-detect-covid-19-outbreaks-early/article_e550679e-4fb4-11eb-8990-ef7257b7388f.html?utm_medium=social&utm_source=facebook_WPSD-TV,,,
190,Finish Institute of Health and Welfare,Helsinki ,,Finland ,60.20134,24.89837,,https://www.thl.fi/episeuranta/jatevesi/jatevesiseuranta_viikkoraportti.html,https://thl.fi/en/web/thlfi-en/-/coronavirus-genome-stay-preserved-in-frozen-wastewater-samples,https://www.medrxiv.org/content/10.1101/2020.11.18.20234039v2,,
191,University of Helsinki,Helsinki ,,Finland ,60.1726,24.951,,https://www.thl.fi/episeuranta/jatevesi/jatevesiseuranta_viikkoraportti.html,https://thl.fi/en/web/thlfi-en/-/coronavirus-found-in-waste-water-in-helsinki-and-turku-but-not-at-other-sites-monitored-weekly,https://www.medrxiv.org/content/10.1101/2020.11.18.20234039v2,,
192,University of Tampere,Tampere,,Finland ,61.4941,23.7792,,https://www.thl.fi/episeuranta/jatevesi/jatevesiseuranta_viikkoraportti.html,https://thl.fi/en/web/thlfi-en/-/coronavirus-found-in-waste-water-in-helsinki-and-turku-but-not-at-other-sites-monitored-weekly,https://www.medrxiv.org/content/10.1101/2020.11.18.20234039v2,,
193,The Australian National University,Canberra,,Australia,-35.27798,149.118506,,,https://www.anu.edu.au/news/all-news/test-confirms-no-trace-of-coronavirus-in-act-sewage,,,
194,King Abdullah University of Science and Technology,Thuwal,Makkah (Province),Saudi Arabia,22.309472,39.104692,,,https://discovery.kaust.edu.sa/en/article/976/wastewater-monitoring-in-covid-19-surveillance,,,
195,University College Dublin,Dublin,Leinster,Republic of Ireland,53.306685,-6.221377,,,https://www.ucd.ie/newsandopinion/news/2021/may/04/nationalcovid-19wastewatersurveillanceprogrammefollowingucdpilottesting/ ,,,
196,Cardiff University,Cardiff,Wales,UK,51.486407,-3.178714,,,https://wastewatersurveillance.com/,,,
197,Cape Breton University,Sydney,Nova Scotia,Canada,46.170392,-60.093725,,,https://www.cbu.ca/newsroom/articles/cape-breton-university-joins-project-aimed-at-detecting-covid-19-in-wastewater/,,,
198,St. Francis Xavier University,Antigonish,Nova Scotia,Canada,45.617751,-61.99534,,,https://researchns.ca/2021/01/08/research-project-to-track-presence-of-covid-19-in-nova-scotia-wastewater/,,,
199,University of Manitoba,Winnipeg,Manitoba,Canada,49.807335,-97.13669,,,https://news.umanitoba.ca/viruses-in-rivers/,,,
200,University of Miami,Coral Gables,Florida,USA,25.71788,-80.274618,,,https://news.miami.edu/stories/2021/02/researchers-broaden-tracking-of-covid-19-through-wastewater.html,,,
201,Polytechnique Montréal,Montreal,Québec,Canada,45.504959,-73.61299,,,https://o.canada.com/news/montreals-wastewater-could-track-the-next-covid-19-wave,,,
202,McGill University,Montreal,Québec,Canada,45.504465,-73.577682,,,https://o.canada.com/news/montreals-wastewater-could-track-the-next-covid-19-wave,,,
203,University of Central Florida,Orlando,Florida,USA,28.602107,-81.200167,Yes,,https://www.ucf.edu/news/new-ucf-covid-19-safety-measures-for-spring-2021/,,,
204,University of Tartu,Tartu,,Estonia,58.381118,26.719973,,,https://news.err.ee/1232209/sewage-monitoring-study-predicting-rise-in-covid-19-across-estonia,,,
205,Baylor University ,Waco,Texas,USA,31.5489,-97.1131,Yes,,https://www.kwtx.com/2020/09/03/random-testing-scheduled-after-covid-19-found-in-bu-dorms-sewage/,,,
206,East Carolina University,Greenville,North Carolina,USA,35.609594,-77.404275,Yes,,https://news.ecu.edu/2021/01/19/game-changer-wastewater-testing/,,,
207,University of Delaware,Newark,Delaware,USA,39.677785,-75.750719,,https://compassred.shinyapps.io/ncco_wastewater/,https://www.udel.edu/udaily/2021/january/wastewater-testing-coronavirus-sewers-new-castle-county/,,,
208,University of Maine at Presque Isle,Presque Isle,Maine,USA,46.672137,-68.016278,,,https://www.maine.edu/blog/2021/01/22/covid-19-wastewater-monitoring-approaches-universal-coverage-of-university-of-maine-system-residential-student-population-for-spring-semester/,,,
209,University of New England - Biddeford Campus,Biddeford,Maine,USA,43.458205,-70.386637,,,https://bangordailynews.com/2021/01/22/news/university-of-maine-system-expands-covid-19-wastewater-testing-ahead-of-spring-semester/,,,
210,University of Southern Maine,Gorham,Maine,USA,43.682528,-70.448659,,,https://bangordailynews.com/2021/01/22/news/university-of-maine-system-expands-covid-19-wastewater-testing-ahead-of-spring-semester/,,,
211,Laval University,Quebec City,Quebec,Canada,46.781746,-71.274753,,,https://www.universityaffairs.ca/news/news-article/covid-19-updates-for-canadas-universities/,,,
212,Laurentian University,Greater Sudbury,Ontario,Canada,46.463187,-80.966101,,,https://ontariosuniversities.ca/stories/discovering-early-detection-methods-for-outbreaks,,,
213,California Polytechnic State University,San Luis Obispo,California,USA,35.304988,-120.662548,Yes,,https://mustangnews.net/cal-poly-tests-wastewater-for-covid-19/,,,
214,Appalachian State University,Boone,North Carolina,USA,36.213422,-81.684046,Yes,,https://today.appstate.edu/2021/04/15/wastewater,,,
215,University of Massachusetts Lowell,Lowell,Massachusetts,USA,42.655239,-71.324716,,,https://www.uml.edu/news/stories/2020/covid-research-seed-grants.aspx,,,
216,University of Georgia,Athens,Georgia,USA,33.948001,-83.377338,,https://lipplab-uga.github.io/covid_wastewater_lipplab_athens/,https://news.uga.edu/researchers-track-covid-19-athens-wastewater/,,,
217,SUNY Morrisville,Morrisville,New York,USA,42.890334,-75.641484,,,https://www.morrisville.edu/covid-dashboard,,,
218,Colorado College,Colorado Springs,Colorado,USA,38.847795,-104.82567,,,https://www.npr.org/2020/10/26/925831847/colleges-turn-to-wastewater-testing-in-an-effort-to-flush-out-the-coronavirus,,,
219,The University of Iowa,Iowa City,Iowa,USA,41.662596,-91.554741,Yes,,https://dailyiowan.com/2021/02/14/university-of-iowa-pilots-covid-19-wastewater-testing/,,,
220,Washington State University,Pullman,Washington,USA,46.731937,-117.154384,,,https://news.wsu.edu/2021/02/04/wsu-sampling-wastewater-help-contain-spread-covid-19/,,,
221,Uppsala University,Uppsala,,Sweden,59.850804,17.630396,,,https://www.uu.se/en/news/article/?id=15514&typ=artikel,,,
222,Wright State University,Dayton,Ohio,USA,39.785007,-84.057833,,,https://webapp2.wright.edu/web1/newsroom/2021/02/05/wright-state-testing-wastewater-to-detect-covid-19-on-campus/,,,
223,Wright State University - Lake Campus,Celina,Ohio,USA,40.548012,-84.509797,,,https://webapp2.wright.edu/web1/newsroom/2021/02/05/wright-state-testing-wastewater-to-detect-covid-19-on-campus/,,,
224,Technische Universität Darmstadt,Darmstadt,,Germany,49.874709,8.656132,,,https://www.tu-darmstadt.de/forschen/forschungsfelder/energy_environment_ee/ee_details_270464.en.jsp,,,
225,UCLA,Los Angeles,California,USA,34.068805,-118.445117,Yes,,https://dailybruin.com/2021/02/09/ucla-employs-wastewater-testing-to-bolster-covid-19-detection-efforts-on-the-hill,,,
226,Youngstown State University,Youngstown,Ohio,USA,41.106544,-80.648353,Yes,,https://www.wkbn.com/news/coronavirus/youngstown-state-university-to-begin-collecting-wastewater-to-detect-covid-19/?utm_source=dlvr.it&utm_medium=twitter&utm_campaign=twitwkbnmain,,,
227,Duke University,Durham,North Carolina,USA,36.001378,-78.938363,Yes,,https://pratt.duke.edu/about/news/comparing-swab-sewer,,,
228,The University of Akron,Akron,Ohio,USA,41.077039,-81.511425,Yes,,https://uakron.edu/im/news/covid-19-research-wastewater-samples-may-help-direct-university-actions,,,
229,"University of Nigeria, Nsukka",Nsukka,Enugu State,Nigeria,6.864285,7.407966,,,http://wetlands.bangor.ac.uk/news/tracking-covid-19-and-other-viruses-in-wastewater-in-nigeria-and-south-africa-44685,,,
230,University of Exeter,Exeter,England,UK,50.737103,-3.535137,,,https://www.exeter.ac.uk/news/homepage/title_810160_en.html,,,
231,The University of Toledo,Toledo,Ohio,USA,41.657896,-83.614087,,,https://www.wtol.com/article/news/local/health-officials-rush-to-stop-the-spread-of-covid-19-by-testing-raw-sewage-water/512-0c46c4e9-6a1f-4381-890f-1fa11963be37,,,
232,Marietta College,Marietta,Ohio,USA,39.416655,-81.449777,,,https://www.marietta.edu/ruud-comm-covid-update-111120,,,
233,The College of Wooster,Wooster,Ohio,USA,40.811071,-81.929408,,,https://www.wooster.edu/info/2020-2021-guide/updates/2-03/,,,
234,UC Santa Cruz ,Santa Cruz,California,USA,36.99075,-122.064958,,,https://combinati.com/videos/davidbernick-ucsc-digital-pcr?utm_content=155277179&utm_medium=social&utm_source=twitter&hss_channel=tw-1029781081828913152,,,
235,University at Buffalo,Buffalo,New York,USA,43.000668,-78.788927,,,http://www.buffalo.edu/ubnow/stories/2021/03/wastewater-covid.html,,,
236,Durban University of Technology,Durban,KwaZulu Natal,South Africa,-29.8536,31.0061,,,https://t.co/OEuxKiaCgf ,,,
237,University of Utah,Salt Lake City,UT,United States,40.7649462,-111.8485461,,https://deq.utah.gov/water-quality/sars-cov-2-sewage-monitoring,https://www.abc4.com/news/how-do-you-test-wastewater-for-covid-19/,,,
238,Ball State University,Muncie,Indiana,USA,40.204846,-85.406435,,,https://www.bsu.edu/about/administrativeoffices/emergency-preparedness/pandemicfluprep/coronavirus/plans-resources/testing-and-tracing-protocols/faq#accordion_ihaveheardthatsomecitiesaretestingwastewatertolearnmoreaboutthespreadofcovid-19,,,
239,Kazan Federal University,Kazan,Tatarstan,Russia,55.790556,49.120491,,,https://kpfu.ru/eng/academic-units/natural-sciences/institute-of-environmental-sciences/ecologists-offer-covid-19-test-of-wastewater.html ,,,
240,National University of Singapore - Kent Ridge Campus,Singapore,,Singapore,1.292107,103.774551,,,https://youtu.be/l0R6wQxKNPQ?t=3290,,,
241,National and Kapodistrian University of Athens,Athens,Attica,Greece,37.940447,23.586069,,http://trams.chem.uoa.gr/covid-19/,,,,
242,Wabash College,Crawfordsville,Indiana,USA,40.036646,-86.906607,yes,,https://www.wabash.edu/covid/docs/Community_Update_10-05-20.pdf,,,
243,University of South Dakota,Vermillion,South Dakota,USA,42.788286,-96.925381,,,https://www.usd.edu/news/2021/wastewater-research-helps-usd-professors-understand-covid-19-and-community-health,,,
244,Trent University,Peterborough,Ontario,Canada,44.358229,-78.288593,,,https://www.trentu.ca/news/story/29763,,,
245,Hokkaido University,Sapporo,,Japan,43.07773,141.340528,,,https://www.innovationnewsnetwork.com/installing-covid-19-infrastructure-at-water-treatment-plants/10153/,,,
246,Stellenbosch University - Tygerberg Campus,Cape Town,,South Africa,-33.907223,18.612278,,,https://www.matiemedia.org/wastewater-testing-monitors-covid-19-levels-in-sus-tygerberg-residences/,,,
247,Barnard College,New York,New York,USA,40.809476,-73.963616,,,https://barnard.edu/news/testing-waters,,,
248,"University of Chemistry and Technology, Prague",Prague,,Czech Republic (Czechia),50.103562,14.389836,,,https://www.vscht.cz/popularizace/media/tiskove-zpravy/2021/nova-zbran-proti-covidu-19-vedci-zadaji-o-pomoc,,,
249,Flinders University,Adelaide,South Australia,Australia,-35.024583,138.57135,,,https://www.miragenews.com/wastewater-project-tests-for-covid-19-and-more/,,,
250,Marshall University,Huntington,West Virginia,USA,38.423602,-82.426572,,,https://www.wvpublic.org/health-science/2021-04-20/marshall-researchers-test-for-covid-19-in-wastewater-samples,,,
251,Technische Universität München,Munich,,Germany,48.14946,11.567753,,,https://www.deutschlandfunk.de/coronaviren-im-abwasser-messungen-sind-den-infektionszahlen.676.de.html?dram:article_id=496121,,,
252,Queen's University Belfast,Belfast,Northern Ireland,UK,54.584359,-5.933642,,,https://www.qub.ac.uk/research-centres/GIS/News/Anintegratedsystemforall-islandSARS-CoV-2wastewatersurveillanceandreporting.html,,,
253,Oregon State University-Cascades,Bend,Oregon,USA,44.042767,-121.333459,,https://trace.oregonstate.edu/testing-results,,,,
254,New York University Abu Dhabi,Abu Dhabi,,United Arab Emirates,24.524149,54.434051,,,https://nyuad.nyu.edu/en/research/impact/our-research/2021/virus-free-waterwaste-reality-or-myth.html,,,
255,University of Mumbai,Mumbai,Maharashtra,India,18.929251,72.830447,,,,,,
256,Universidad Nacional de Salta,Salta,Salta Capital,Argentina,-24.7859,-65.4117,,,https://www.argentina.gob.ar/sites/default/files/nomina_proyectos_presentados_covid_federal.docx_3.pdf,,,
257,Fleming College,Peterborough,Ontario,Canada,44.266458,-78.374506,,,https://flemingcollege.ca/news/fleming-college-and-quantwave-technologies-collaborate-to-develop-intelligent-wastewater-sensing-solution-to-predict-covid-19-outbreaks/,,,
258,Laboratorio Kudam,Alicante,,Spain,37.880848,-0.808401,,,https://www.kudam.com/en/analysis-of-coronavirus-in-water/,,,
259,Indian Institute of Technology Gandhinagar,Ahmedabad,Gujarat,India,23.211791,72.68304,,,https://www.hindustantimes.com/cities/scientists-find-evidence-of-covid-19-genetic-material-in-ahmedabad-sewage/story-p8Gs9I1hQPxshtTnPNylHJ.html,,,
260,Colorado Mesa University,Grand Junction,Colorado,USA,39.080741,-108.554557,,,https://www.nytimes.com/2021/05/17/health/coronavirus-broad-colorado-mesa-sabeti.html,,,
261,CSIR-IICT,Secunderabad,Telangana,India,17.422266,78.5394,,,https://nindia.natureasia.com/en/nindia/article/10.1038/nindia.2021.75,,,
262,New York University,New York City,New York,USA,40.729505,-73.996552,,,https://engineering.nyu.edu/news/researchers-tracking-covid-19-wastewater-join-forces-framework-translating-data-public-health,,,
263,Chulalongkorn University ,Bangkok ,Pathum Wan District ,Thailand ,13.7386,100.5316,,,,https://www.ijidonline.com/article/S1201-9712(21)00406-9/fulltext ,,
264,Boise State University,Boise,Idaho,USA,43.60615417,-116.2057575,No,,https://www.boisestate.edu/biology/2021/07/26/hampikian-lab-and-wastewater-testing-for-covid-19/ ,,,
265,University of Pennsylvania ,Philadelphia,Pennsylvania,USA,39.9522,-75.1932,Yes,,https://www.thedp.com/article/penn-covid-19-wastewater-monitoring ,,,
266,Aristotle University of Thessaloniki,Thessaloniki,,Greece,40.63267371,22.95625023,,,https://www.news247.gr/koinonia/koronoios-anichneysimos-sta-epipeda-aprilioy-sta-lymata-tis-thessalonikis.7679374.html,,,
267,University College Cork,Cork,Munster,Republic of Ireland,51.893486,-8.49208023,,,https://www.irishexaminer.com/news/arid-40715555.html,,,
268,NUI Galway,Galway,Connacht,Republic of Ireland,53.27915084,-9.061735227,,,https://www.irishexaminer.com/news/arid-40715555.html,,,
269,Trinity College,Dublin,Leinster,Ireland,53.34378786,-6.254576261,,,https://www.irishexaminer.com/news/arid-40715555.html,,,
270,Fleming College,Peterborough,Ontario,Canada,44.26856467,-78.37351213,,,https://www.peterboroughpublichealth.ca/may-12-board-of-health-summary/,,,
271,Bauhaus University Weimar,Weimar,,Germany,50.97458279,11.32901502,,,https://www.tuhh.de/idac/research/comoth.html,,,
272,Hamm-Lippstadt University of Applied Sciences,Hamm,,Germany,51.6823605,7.840299419,,,https://www.tuhh.de/idac/research/comoth.html,,,
273,Radford University Carilion,Roanoke,Virgina,USA,37.26680838,-79.93978149,,,https://www.radford.edu/content/radfordcore/home/news/releases/2021/november/wastewater-epidemiology.html,,,
274,University of Wisconsin - Eau Claire,Eau Claire,Wisconsin,USA,44.79345269,-91.5077543,Yes,,https://www.weau.com/2021/12/08/covid-19-wastewater-screening-project-underway-uwec/?utm_campaign=snd-autopilot,,,
275,University of Nottingham,Nottingham,England,UK,52.93986313,-1.193464904,,,https://www.nottingham.ac.uk/vision/covid-detectives-track-spread-of-virus?utm_source=twitter&utm_medium=social&utm_campaign=researchreputation,,,
276,Universite Cote d’Azur,Nice,,France,43.71550989,7.266362804,,,https://utilityweek.co.uk/covid-in-wastewater-early-warning-system-upgraded-to-detect-omicron-variant/?utm_source=Innovate&utm_medium=CPC&utm_id=UWI&utm_content=Twitter,,,
